{"r_squared": 0.03570513102945372, "rmse": 6777.509886999257}